product,price,ratings
"Life After Death: A Novel,The Boy, the Mole, the Fox and the Horse,Everything Will Be Okay: Life Lessons for Young Women (from a Former Young Woman),Dr. Seuss's Beginner Book Collection (Cat in the Hat, One Fish Two Fish, Green Eggs and Ham, Hop on Pop, Fox in Socks),The Code Breaker: Jennifer Doudna, Gene Editing, and the Future of the Human Race,Dog Man: Mothering Heights: From the Creator of Captain Underpants (Dog Man #10) (10),The Four Winds: A Novel,How to Do the Work: Recognize Your Patterns, Heal from Your Past, and Create Your Self,Beyond Order: 12 More Rules for Life,Oh, the Places You'll Go!  ,The Cat in the Hat,Atomic Habits: An Easy & Proven Way to Build Good Habits & Break Bad Ones,The Midnight Library: A Novel,Green Eggs and Ham,It's Not Easy Being a Bunny (Beginner Books(R)),The Dangerous Gift (Wings of Fire, Book 14) (14)",16,"1,958"
product,price,ratings
Life After Death: A Novel,16,"1,958"
"The Boy, the Mole, the Fox and the Horse",0,"61,262"
Everything Will Be Okay: Life Lessons for Young Women (from a Former Young Woman),12,131
"Dr. Seuss's Beginner Book Collection (Cat in the Hat, One Fish Two Fish, Green Eggs and Ham, Hop on Pop, Fox in Socks)",14,"11,161"
"The Code Breaker: Jennifer Doudna, Gene Editing, and the Future of the Human Race",11,127
Dog Man: Mothering Heights: From the Creator of Captain Underpants (Dog Man #10) (10),0,"20,777"
The Four Winds: A Novel,16,234
"How to Do the Work: Recognize Your Patterns, Heal from Your Past, and Create Your Self",0,891
Beyond Order: 12 More Rules for Life,14,"19,175"
"Oh, the Places You'll Go!  ",21,"7,962"
The Cat in the Hat,0,"33,642"
Atomic Habits: An Easy & Proven Way to Build Good Habits & Break Bad Ones,16,"44,723"
The Midnight Library: A Novel,10,"9,879"
Green Eggs and Ham,7,"4,094"
It's Not Easy Being a Bunny (Beginner Books(R)),17,727
product,price,ratings
Life After Death: A Novel,16,"1,958"
"The Boy, the Mole, the Fox and the Horse",0,"61,262"
Everything Will Be Okay: Life Lessons for Young Women (from a Former Young Woman),12,131
"Dr. Seuss's Beginner Book Collection (Cat in the Hat, One Fish Two Fish, Green Eggs and Ham, Hop on Pop, Fox in Socks)",14,"11,161"
"The Code Breaker: Jennifer Doudna, Gene Editing, and the Future of the Human Race",11,127
Dog Man: Mothering Heights: From the Creator of Captain Underpants (Dog Man #10) (10),0,"20,777"
The Four Winds: A Novel,16,234
"How to Do the Work: Recognize Your Patterns, Heal from Your Past, and Create Your Self",0,891
Beyond Order: 12 More Rules for Life,14,"19,175"
"Oh, the Places You'll Go!  ",21,"7,962"
The Cat in the Hat,0,"33,642"
Atomic Habits: An Easy & Proven Way to Build Good Habits & Break Bad Ones,16,"44,723"
The Midnight Library: A Novel,10,"9,879"
Green Eggs and Ham,7,"4,094"
It's Not Easy Being a Bunny (Beginner Books(R)),17,727
product,price,ratings
Life After Death: A Novel,16,"1,959"
"The Boy, the Mole, the Fox and the Horse",0,"61,262"
Everything Will Be Okay: Life Lessons for Young Women (from a Former Young Woman),12,131
"Dr. Seuss's Beginner Book Collection (Cat in the Hat, One Fish Two Fish, Green Eggs and Ham, Hop on Pop, Fox in Socks)",14,"11,161"
"The Code Breaker: Jennifer Doudna, Gene Editing, and the Future of the Human Race",11,127
Dog Man: Mothering Heights: From the Creator of Captain Underpants (Dog Man #10) (10),0,"20,777"
The Four Winds: A Novel,16,234
"How to Do the Work: Recognize Your Patterns, Heal from Your Past, and Create Your Self",0,891
Beyond Order: 12 More Rules for Life,14,"19,175"
"Oh, the Places You'll Go!  ",21,"7,962"
The Cat in the Hat,0,"33,642"
Atomic Habits: An Easy & Proven Way to Build Good Habits & Break Bad Ones,16,"44,723"
The Midnight Library: A Novel,10,"9,879"
Green Eggs and Ham,7,"4,094"
It's Not Easy Being a Bunny (Beginner Books(R)),17,727
